household_id,meter_id,grid_zone,has_solar,base_load_kw,solar_capacity_kw
HH-0001,MTR-0001,ZONE-A,false,0.69,0.0
HH-0002,MTR-0002,ZONE-A,true,1.279,2.98
HH-0003,MTR-0003,ZONE-A,false,1.054,0.0
HH-0004,MTR-0004,ZONE-A,false,0.908,0.0
HH-0005,MTR-0005,ZONE-A,false,0.363,0.0
HH-0006,MTR-0006,ZONE-A,false,0.354,0.0
HH-0007,MTR-0007,ZONE-A,false,1.045,0.0
HH-0008,MTR-0008,ZONE-A,true,0.63,2.23
HH-0009,MTR-0009,ZONE-A,true,0.742,2.41
HH-0010,MTR-0010,ZONE-A,false,0.627,0.0
HH-0011,MTR-0011,ZONE-A,true,1.145,1.66
HH-0012,MTR-0012,ZONE-A,true,0.757,4.01
HH-0013,MTR-0013,ZONE-A,true,1.131,2.84
HH-0014,MTR-0014,ZONE-A,true,0.517,3.08
HH-0015,MTR-0015,ZONE-A,false,0.454,0.0
HH-0016,MTR-0016,ZONE-A,true,0.744,4.23
HH-0017,MTR-0017,ZONE-A,true,0.315,4.38
HH-0018,MTR-0018,ZONE-A,true,0.443,2.99
HH-0019,MTR-0019,ZONE-A,true,0.62,4.17
HH-0020,MTR-0020,ZONE-A,true,1.131,3.25
HH-0021,MTR-0021,ZONE-A,true,0.965,4.19
HH-0022,MTR-0022,ZONE-A,false,1.394,0.0
HH-0023,MTR-0023,ZONE-A,false,0.575,0.0
HH-0024,MTR-0024,ZONE-A,true,0.456,2.93
HH-0025,MTR-0025,ZONE-A,false,1.107,0.0
HH-0026,MTR-0026,ZONE-A,false,1.095,0.0
HH-0027,MTR-0027,ZONE-A,true,1.104,2.38
HH-0028,MTR-0028,ZONE-A,true,0.383,4.94
HH-0029,MTR-0029,ZONE-A,false,1.154,0.0
HH-0030,MTR-0030,ZONE-A,true,1.381,4.29
HH-0031,MTR-0031,ZONE-A,true,0.615,2.14
HH-0032,MTR-0032,ZONE-A,true,0.336,4.46
HH-0033,MTR-0033,ZONE-A,false,1.109,0.0
HH-0034,MTR-0034,ZONE-A,false,0.933,0.0
HH-0035,MTR-0035,ZONE-A,false,0.905,0.0
HH-0036,MTR-0036,ZONE-A,true,1.244,4.91
HH-0037,MTR-0037,ZONE-A,true,0.831,4.19
HH-0038,MTR-0038,ZONE-A,true,0.632,3.59
HH-0039,MTR-0039,ZONE-A,true,0.998,3.04
HH-0040,MTR-0040,ZONE-A,false,1.209,0.0
HH-0041,MTR-0041,ZONE-A,true,0.289,1.54
HH-0042,MTR-0042,ZONE-A,true,0.994,1.92
HH-0043,MTR-0043,ZONE-A,true,0.58,4.69
HH-0044,MTR-0044,ZONE-A,false,0.799,0.0
HH-0045,MTR-0045,ZONE-A,true,0.587,3.29
HH-0046,MTR-0046,ZONE-A,true,0.66,2.16
HH-0047,MTR-0047,ZONE-A,true,0.336,3.82
HH-0048,MTR-0048,ZONE-A,false,0.388,0.0
HH-0049,MTR-0049,ZONE-A,false,0.385,0.0
HH-0050,MTR-0050,ZONE-A,true,1.235,4.98
HH-0051,MTR-0051,ZONE-B,false,0.662,0.0
HH-0052,MTR-0052,ZONE-B,true,0.933,2.07
HH-0053,MTR-0053,ZONE-B,false,0.662,0.0
HH-0054,MTR-0054,ZONE-B,false,1.354,0.0
HH-0055,MTR-0055,ZONE-B,true,1.232,4.07
HH-0056,MTR-0056,ZONE-B,false,0.619,0.0
HH-0057,MTR-0057,ZONE-B,true,0.896,4.76
HH-0058,MTR-0058,ZONE-B,false,0.909,0.0
HH-0059,MTR-0059,ZONE-B,false,0.957,0.0
HH-0060,MTR-0060,ZONE-B,true,1.192,4.34
HH-0061,MTR-0061,ZONE-B,true,0.954,4.1
HH-0062,MTR-0062,ZONE-B,true,1.268,2.97
HH-0063,MTR-0063,ZONE-B,false,1.329,0.0
HH-0064,MTR-0064,ZONE-B,true,1.3,2.99
HH-0065,MTR-0065,ZONE-B,false,0.51,0.0
HH-0066,MTR-0066,ZONE-B,true,1.173,2.82
HH-0067,MTR-0067,ZONE-B,false,0.908,0.0
HH-0068,MTR-0068,ZONE-B,false,0.903,0.0
HH-0069,MTR-0069,ZONE-B,true,0.682,4.59
HH-0070,MTR-0070,ZONE-B,true,0.344,2.86
HH-0071,MTR-0071,ZONE-B,false,0.774,0.0
HH-0072,MTR-0072,ZONE-B,true,0.778,4.8
HH-0073,MTR-0073,ZONE-B,true,0.662,3.93
HH-0074,MTR-0074,ZONE-B,false,1.36,0.0
HH-0075,MTR-0075,ZONE-B,true,1.162,2.73
HH-0076,MTR-0076,ZONE-B,false,1.221,0.0
HH-0077,MTR-0077,ZONE-B,true,0.931,2.79
HH-0078,MTR-0078,ZONE-B,true,1.086,1.63
HH-0079,MTR-0079,ZONE-B,true,1.185,2.95
HH-0080,MTR-0080,ZONE-B,false,0.364,0.0
HH-0081,MTR-0081,ZONE-B,true,0.609,2.36
HH-0082,MTR-0082,ZONE-B,true,0.414,3.09
HH-0083,MTR-0083,ZONE-B,true,0.515,3.06
HH-0084,MTR-0084,ZONE-B,true,0.904,3.17
HH-0085,MTR-0085,ZONE-B,false,0.756,0.0
HH-0086,MTR-0086,ZONE-B,true,0.781,2.65
HH-0087,MTR-0087,ZONE-B,true,0.774,2.87
HH-0088,MTR-0088,ZONE-B,true,0.605,3.04
HH-0089,MTR-0089,ZONE-B,true,1.019,4.88
HH-0090,MTR-0090,ZONE-B,true,0.821,3.69
HH-0091,MTR-0091,ZONE-C,true,0.857,2.72
HH-0092,MTR-0092,ZONE-C,true,1.29,3.88
HH-0093,MTR-0093,ZONE-C,true,1.203,4.12
HH-0094,MTR-0094,ZONE-C,false,0.784,0.0
HH-0095,MTR-0095,ZONE-C,true,0.294,2.9
HH-0096,MTR-0096,ZONE-C,true,0.338,2.48
HH-0097,MTR-0097,ZONE-C,true,0.784,4.6
HH-0098,MTR-0098,ZONE-C,true,0.685,3.62
HH-0099,MTR-0099,ZONE-C,false,1.101,0.0
HH-0100,MTR-0100,ZONE-C,true,0.884,2.11
HH-0101,MTR-0101,ZONE-C,false,0.999,0.0
HH-0102,MTR-0102,ZONE-C,true,0.705,2.09
HH-0103,MTR-0103,ZONE-C,true,0.601,3.5
HH-0104,MTR-0104,ZONE-C,false,1.069,0.0
HH-0105,MTR-0105,ZONE-C,false,0.945,0.0
HH-0106,MTR-0106,ZONE-C,false,0.544,0.0
HH-0107,MTR-0107,ZONE-C,true,1.39,3.13
HH-0108,MTR-0108,ZONE-C,false,0.839,0.0
HH-0109,MTR-0109,ZONE-C,true,1.077,1.81
HH-0110,MTR-0110,ZONE-C,false,1.175,0.0
HH-0111,MTR-0111,ZONE-C,false,0.375,0.0
HH-0112,MTR-0112,ZONE-C,true,0.584,3.37
HH-0113,MTR-0113,ZONE-C,true,1.357,4.58
HH-0114,MTR-0114,ZONE-C,true,0.327,1.89
HH-0115,MTR-0115,ZONE-C,true,0.508,2.68
HH-0116,MTR-0116,ZONE-C,true,0.525,2.21
HH-0117,MTR-0117,ZONE-C,true,0.817,4.95
HH-0118,MTR-0118,ZONE-C,true,0.303,2.18
HH-0119,MTR-0119,ZONE-C,false,0.312,0.0
HH-0120,MTR-0120,ZONE-C,false,1.04,0.0
HH-0121,MTR-0121,ZONE-D,true,1.685,4.79
HH-0122,MTR-0122,ZONE-D,true,2.326,2.34
HH-0123,MTR-0123,ZONE-D,true,2.082,3.46
HH-0124,MTR-0124,ZONE-D,true,1.25,4.65
HH-0125,MTR-0125,ZONE-D,true,1.307,1.78
HH-0126,MTR-0126,ZONE-D,false,1.446,0.0
HH-0127,MTR-0127,ZONE-D,true,2.633,3.5
HH-0128,MTR-0128,ZONE-D,false,1.267,0.0
HH-0129,MTR-0129,ZONE-D,false,2.274,0.0
HH-0130,MTR-0130,ZONE-D,true,1.374,1.99
HH-0131,MTR-0131,ZONE-D,false,2.324,0.0
HH-0132,MTR-0132,ZONE-D,false,1.142,0.0
HH-0133,MTR-0133,ZONE-D,false,1.9,0.0
HH-0134,MTR-0134,ZONE-D,true,2.396,3.38
HH-0135,MTR-0135,ZONE-D,false,0.904,0.0
HH-0136,MTR-0136,ZONE-D,false,2.109,0.0
HH-0137,MTR-0137,ZONE-D,true,1.311,2.5
HH-0138,MTR-0138,ZONE-D,false,1.322,0.0
HH-0139,MTR-0139,ZONE-D,true,1.909,4.79
HH-0140,MTR-0140,ZONE-D,true,2.234,3.97
HH-0141,MTR-0141,ZONE-D,true,1.642,3.52
HH-0142,MTR-0142,ZONE-D,false,1.275,0.0
HH-0143,MTR-0143,ZONE-D,true,0.994,2.85
HH-0144,MTR-0144,ZONE-D,false,0.925,0.0
HH-0145,MTR-0145,ZONE-D,true,0.958,1.62
HH-0146,MTR-0146,ZONE-D,true,0.855,4.62
HH-0147,MTR-0147,ZONE-D,true,1.733,4.41
HH-0148,MTR-0148,ZONE-D,false,0.891,0.0
HH-0149,MTR-0149,ZONE-D,false,0.927,0.0
HH-0150,MTR-0150,ZONE-D,true,0.895,3.89
HH-0151,MTR-0151,ZONE-D,true,1.224,3.06
HH-0152,MTR-0152,ZONE-D,false,1.74,0.0
HH-0153,MTR-0153,ZONE-D,true,1.191,4.21
HH-0154,MTR-0154,ZONE-D,true,2.179,2.29
HH-0155,MTR-0155,ZONE-D,false,2.179,0.0
HH-0156,MTR-0156,ZONE-D,false,0.718,0.0
HH-0157,MTR-0157,ZONE-D,true,1.617,1.7
HH-0158,MTR-0158,ZONE-D,true,1.987,4.61
HH-0159,MTR-0159,ZONE-D,true,1.284,3.2
HH-0160,MTR-0160,ZONE-D,true,1.51,4.1
HH-0161,MTR-0161,ZONE-D,true,1.18,4.67
HH-0162,MTR-0162,ZONE-D,true,1.051,4.24
HH-0163,MTR-0163,ZONE-D,true,0.714,3.63
HH-0164,MTR-0164,ZONE-D,false,1.645,0.0
HH-0165,MTR-0165,ZONE-D,false,0.718,0.0
HH-0166,MTR-0166,ZONE-E,false,0.395,0.0
HH-0167,MTR-0167,ZONE-E,false,1.263,0.0
HH-0168,MTR-0168,ZONE-E,true,0.429,2.73
HH-0169,MTR-0169,ZONE-E,false,0.449,0.0
HH-0170,MTR-0170,ZONE-E,true,0.977,4.43
HH-0171,MTR-0171,ZONE-E,true,0.401,1.61
HH-0172,MTR-0172,ZONE-E,false,1.135,0.0
HH-0173,MTR-0173,ZONE-E,false,0.282,0.0
HH-0174,MTR-0174,ZONE-E,true,1.154,4.37
HH-0175,MTR-0175,ZONE-E,false,0.994,0.0
HH-0176,MTR-0176,ZONE-E,true,0.593,2.82
HH-0177,MTR-0177,ZONE-E,true,0.302,1.83
HH-0178,MTR-0178,ZONE-E,true,0.753,2.36
HH-0179,MTR-0179,ZONE-E,true,1.375,2.83
HH-0180,MTR-0180,ZONE-E,false,0.815,0.0
HH-0181,MTR-0181,ZONE-E,false,0.516,0.0
HH-0182,MTR-0182,ZONE-E,false,0.643,0.0
HH-0183,MTR-0183,ZONE-E,true,0.379,3.98
HH-0184,MTR-0184,ZONE-E,true,0.782,2.32
HH-0185,MTR-0185,ZONE-E,false,0.607,0.0
HH-0186,MTR-0186,ZONE-E,true,0.701,2.61
HH-0187,MTR-0187,ZONE-E,true,0.816,2.28
HH-0188,MTR-0188,ZONE-E,true,0.462,4.9
HH-0189,MTR-0189,ZONE-E,true,1.203,2.44
HH-0190,MTR-0190,ZONE-E,true,0.457,4.0
HH-0191,MTR-0191,ZONE-E,true,0.41,2.43
HH-0192,MTR-0192,ZONE-E,false,1.263,0.0
HH-0193,MTR-0193,ZONE-E,true,0.721,2.63
HH-0194,MTR-0194,ZONE-E,false,1.253,0.0
HH-0195,MTR-0195,ZONE-E,false,0.601,0.0
HH-0196,MTR-0196,ZONE-E,true,0.358,1.79
HH-0197,MTR-0197,ZONE-E,false,0.567,0.0
HH-0198,MTR-0198,ZONE-E,true,0.936,2.89
HH-0199,MTR-0199,ZONE-E,true,0.972,3.57
HH-0200,MTR-0200,ZONE-E,false,0.331,0.0
